{
  "sceneId": 1018,
  "bornPosList": [
    {
      "id": 1,
      "configId": 1513,
      "roomId": 1,
      "pos": {
        "x": 4.738856,
        "y": 0.00673782825,
        "z": -11.1141052
      },
      "rot": {
        "x": 0.0,
        "y": 270.0,
        "z": 0.0
      },
      "groupId": 201018901,
      "suiteId": 0,
      "suiteIdList": [
        1
      ]
    },
    {
      "id": 2,
      "configId": 1514,
      "roomId": 1,
      "pos": {
        "x": 7.10005331,
        "y": 1.03587377,
        "z": -5.45126247
      },
      "rot": {
        "x": 0.0,
        "y": 270.0,
        "z": 0.0
      },
      "groupId": 201018901,
      "suiteId": 0,
      "suiteIdList": [
        1
      ]
    }
  ]
}